{"animation": [{"name": "Root", "time": [0.0, 0.35, 0.7, 1.3, 1.7, 2.1, 2.8], "transform": [[0.854689, 0.0, -0.51914, 0.0, -0.51914, 0.0, -0.854689, 0.0, 0.0, 1.0, 0.0, 0.0, 0.0, 0.0, 0.0, 1.0], [0.845301, 0.147809, -0.513438, 0.0, -0.51914, 0.0, -0.854689, 0.0, -0.126331, 0.989016, 0.076734, 0.0, 0.0, 0.0, 0.0, 1.0], [0.836012, 0.207912, -0.507796, 0.0, -0.51914, 0.0, -0.854689, 0.0, -0.1777, 0.978148, 0.107935, 0.0, 0.0, 0.0, 0.0, 1.0], [0.828033, 0.173648, -0.533111, 0.0, -0.541335, 0.0, -0.840807, 0.0, -0.146005, 0.984808, 0.094002, 0.0, 0.0, 0.0, 0.0, 1.0], [0.860333, -0.087156, -0.502226, 0.0, -0.504145, 0.0, -0.863619, 0.0, 0.075269, 0.996195, -0.043939, 0.0, 0.0, 0.0, 0.0, 1.0], [0.850007, 0.104528, -0.516296, 0.0, -0.51914, 0.0, -0.854689, 0.0, -0.089339, 0.994522, 0.054265, 0.0, 0.0, 0.0, 0.0, 1.0], [0.854689, 0.0, -0.51914, 0.0, -0.51914, 0.0, -0.854689, 0.0, 0.0, 1.0, 0.0, 0.0, 0.0, 0.0, 0.0, 1.0]]}, {"name": "Thigh_R", "time": [0.0, 0.35, 0.7, 1.7, 2.8], "transform": [[0.996123, 0.056386, -0.067528, 0.0, 0.068868, -0.977428, 0.199728, 0.0, -0.054742, -0.203604, -0.977522, 0.0, 0.0, 0.0, 0.0, 1.0], [0.995482, 0.092496, -0.021474, 0.0, 0.094714, -0.98337, 0.154957, 0.0, -0.006784, -0.156291, -0.987688, 0.0, 0.0, 0.0, 0.0, 1.0], [0.994105, 0.107864, 0.011023, 0.0, 0.105572, -0.986089, 0.128387, 0.0, 0.024718, -0.126467, -0.991663, 0.0, 0.0, 0.0, 0.0, 1.0], [0.992253, 0.066285, -0.105075, 0.0, 0.081444, -0.985741, 0.147248, 0.0, -0.093817, -0.154665, -0.983503, 0.0, 0.0, 0.0, 0.0, 1.0], [0.996123, 0.056386, -0.067528, 0.0, 0.068868, -0.977428, 0.199728, 0.0, -0.054742, -0.203604, -0.977522, 0.0, 0.0, 0.0, 0.0, 1.0]]}, {"name": "Leg_R", "time": [0.0, 0.35, 0.7, 1.7, 2.8], "transform": [[1.0, 0.0, 2e-06, 0.0, 0.0, 0.966098, 0.258173, 0.0, -2e-06, -0.258173, 0.966099, 0.0, 0.0, 0.0, 0.0, 1.0], [1.0, 0.0, 2e-06, 0.0, -0.0, 0.951262, 0.308381, 0.0, -2e-06, -0.308381, 0.951263, 0.0, 0.0, 0.0, 0.0, 1.0], [1.0, 0.0, 2e-06, 0.0, -0.0, 0.936905, 0.349581, 0.0, -2e-06, -0.349581, 0.936906, 0.0, 0.0, 0.0, 0.0, 1.0], [1.0, 0.0, 2e-06, 0.0, -0.0, 0.956499, 0.291732, 0.0, -2e-06, -0.291732, 0.9565, 0.0, 0.0, 0.0, 0.0, 1.0], [1.0, 0.0, 2e-06, 0.0, 0.0, 0.966098, 0.258173, 0.0, -2e-06, -0.258173, 0.966099, 0.0, 0.0, 0.0, 0.0, 1.0]]}, {"name": "Knee_R", "time": [0.0, 2.8], "transform": [[1.0, 0.0, -0.0, -0.0, -0.0, 1e-06, -1.0, 0.37472, -0.0, 1.0, 1e-06, -0.0, 0.0, 0.0, 0.0, 1.0], [1.0, 0.0, -0.0, -0.0, -0.0, 1e-06, -1.0, 0.37472, -0.0, 1.0, 1e-06, -0.0, 0.0, 0.0, 0.0, 1.0]]}, {"name": "Thigh_L", "time": [0.0, 0.35, 0.7, 1.7, 2.8], "transform": [[0.866589, -0.133702, -0.480778, 0.0, -0.027838, -0.974889, 0.220935, 0.0, -0.498245, -0.178075, -0.848552, 0.0, 0.0, 0.0, 0.0, 1.0], [0.847648, -0.165294, -0.504155, 0.0, -0.022803, -0.960701, 0.27664, 0.0, -0.530069, -0.222996, -0.818107, 0.0, 0.0, 0.0, 0.0, 1.0], [0.837828, -0.176734, -0.516536, 0.0, -0.005769, -0.948962, 0.315333, 0.0, -0.545904, -0.261214, -0.796088, 0.0, 0.0, 0.0, 0.0, 1.0], [0.874535, -0.147565, -0.461967, 0.0, -0.026073, -0.965509, 0.259052, 0.0, -0.484261, -0.214504, -0.848221, 0.0, 0.0, 0.0, 0.0, 1.0], [0.866589, -0.133702, -0.480778, 0.0, -0.027838, -0.974889, 0.220935, 0.0, -0.498245, -0.178075, -0.848552, 0.0, 0.0, 0.0, 0.0, 1.0]]}, {"name": "Leg_L", "time": [0.0, 0.35, 0.7, 1.7, 2.8], "transform": [[1.0, 0.0, 1e-06, 0.0, 0.0, 0.984974, 0.172708, 0.0, -1e-06, -0.172708, 0.984972, 0.0, 0.0, 0.0, 0.0, 1.0], [1.0, 0.0, 1e-06, 0.0, -0.0, 0.980116, 0.198432, 0.0, -1e-06, -0.198432, 0.980114, 0.0, 0.0, 0.0, 0.0, 1.0], [1.0, 0.0, 1e-06, 0.0, -0.0, 0.974585, 0.224021, 0.0, -1e-06, -0.224021, 0.974583, 0.0, 0.0, 0.0, 0.0, 1.0], [1.0, 0.0, 1e-06, 0.0, -0.0, 0.98181, 0.189872, 0.0, -1e-06, -0.189872, 0.981808, 0.0, 0.0, 0.0, 0.0, 1.0], [1.0, 0.0, 1e-06, 0.0, 0.0, 0.984974, 0.172708, 0.0, -1e-06, -0.172708, 0.984972, 0.0, 0.0, 0.0, 0.0, 1.0]]}, {"name": "Knee_L", "time": [0.0, 2.8], "transform": [[1.0, 0.0, -0.0, 0.0, -0.0, 1e-06, -1.0, 0.37472, -0.0, 1.0, 1e-06, 0.0, 0.0, 0.0, 0.0, 1.0], [1.0, 0.0, -0.0, 0.0, -0.0, 1e-06, -1.0, 0.37472, -0.0, 1.0, 1e-06, 0.0, 0.0, 0.0, 0.0, 1.0]]}, {"name": "Torso", "time": [0.0, 0.35, 0.7, 1.3, 1.7, 2.1, 2.8], "transform": [[0.99978, -0.020971, -0.000197, 0.0, 0.020971, 0.999603, 0.018833, 0.0, -0.000198, -0.018833, 0.999823, 0.0, 0.0, 0.0, 0.0, 1.0], [0.996153, -0.008627, 0.087206, 0.0, 0.003193, 0.998055, 0.062261, 0.0, -0.087573, -0.061743, 0.994243, 0.0, 0.0, 0.0, 0.0, 1.0], [0.992522, -0.002327, 0.122044, 0.0, -0.008486, 0.996084, 0.08801, 0.0, -0.121771, -0.088387, 0.988615, 0.0, 0.0, 0.0, 0.0, 1.0], [0.995371, -0.005311, 0.09596, 0.0, -0.001512, 0.997483, 0.070893, 0.0, -0.096095, -0.07071, 0.992858, 0.0, 0.0, 0.0, 0.0, 1.0], [0.994104, -0.027562, -0.104869, 0.0, 0.026955, 0.999611, -0.007204, 0.0, 0.105027, 0.004335, 0.99446, 0.0, 0.0, 0.0, 0.0, 1.0], [0.998495, -0.016701, 0.052228, 0.0, 0.014356, 0.998886, 0.044964, 0.0, -0.052921, -0.044146, 0.997623, 0.0, 0.0, 0.0, 0.0, 1.0], [0.99978, -0.020971, -0.000197, 0.0, 0.020971, 0.999603, 0.018833, 0.0, -0.000198, -0.018833, 0.999823, 0.0, 0.0, 0.0, 0.0, 1.0]]}, {"name": "Chest", "time": [0.0, 0.3, 0.7, 1.0, 1.3, 1.55, 1.7, 2.1, 2.8], "transform": [[0.999771, -0.021411, -0.000206, 0.0, 0.021411, 0.999586, 0.019228, 0.0, -0.000206, -0.019228, 0.999815, 0.0, 0.0, 0.0, 0.0, 1.0], [0.990228, 0.00204, 0.139442, 0.0, -0.018104, 0.993313, 0.11403, 0.0, -0.138277, -0.11544, 0.983643, 0.0, 0.0, 0.0, 0.0, 1.0], [0.983128, 0.009757, 0.182659, 0.0, -0.03875, 0.987022, 0.155842, 0.0, -0.178768, -0.160291, 0.970746, 0.0, 0.0, 0.0, 0.0, 1.0], [0.986879, 0.036156, 0.157362, 0.0, -0.055806, 0.990922, 0.122306, 0.0, -0.151511, -0.129483, 0.979938, 0.0, 0.0, 0.0, 0.0, 1.0], [0.992924, -0.057985, 0.103637, 0.0, 0.046962, 0.993277, 0.105806, 0.0, -0.109076, -0.100191, 0.988971, 0.0, 0.0, 0.0, 0.0, 1.0], [0.989176, -0.044431, -0.13985, 0.0, 0.042701, 0.99897, -0.015346, 0.0, 0.140387, 0.009208, 0.990054, 0.0, 0.0, 0.0, 0.0, 1.0], [0.97664, -0.051055, -0.208731, 0.0, 0.045359, 0.998459, -0.031991, 0.0, 0.210042, 0.021775, 0.97745, 0.0, 0.0, 0.0, 0.0, 1.0], [0.996894, -0.005459, 0.078574, 0.0, -0.000163, 0.99745, 0.071367, 0.0, -0.078763, -0.071158, 0.99435, 0.0, 0.0, 0.0, 0.0, 1.0], [0.999771, -0.021411, -0.000206, 0.0, 0.021411, 0.999586, 0.019228, 0.0, -0.000206, -0.019228, 0.999815, 0.0, 0.0, 0.0, 0.0, 1.0]]}, {"name": "Head", "time": [0.0, 0.3, 0.7, 1.0, 1.3, 1.5, 1.55, 1.7, 2.1, 2.5, 2.8], "transform": [[0.85311, 0.037721, 0.520365, 0.0, -0.006297, 0.998055, -0.062025, 0.0, -0.521693, 0.049637, 0.851688, 0.0, 0.0, 0.0, 0.0, 1.0], [0.609641, -0.017571, 0.792482, 0.0, 0.230059, 0.960644, -0.155681, 0.0, -0.758558, 0.277227, 0.58969, 0.0, 0.0, 0.0, 0.0, 1.0], [0.552001, -0.040448, 0.832862, 0.0, 0.302398, 0.940537, -0.154746, 0.0, -0.777078, 0.337276, 0.531408, 0.0, 0.0, 0.0, 0.0, 1.0], [0.50681, -0.054606, 0.860326, 0.0, 0.268012, 0.958516, -0.097046, 0.0, -0.819337, 0.279761, 0.500421, 0.0, 0.0, 0.0, 0.0, 1.0], [0.64798, 0.090901, 0.756213, 0.0, 0.038616, 0.987655, -0.15181, 0.0, -0.760678, 0.127571, 0.63647, 0.0, 0.0, 0.0, 0.0, 1.0], [0.824666, 0.038443, 0.564312, 0.0, -0.0245, 0.999179, -0.032264, 0.0, -0.56509, 0.012781, 0.824931, 0.0, 0.0, 0.0, 0.0, 1.0], [0.89437, 0.062178, 0.442984, 0.0, -0.069302, 0.997596, -0.000104, 0.0, -0.441926, -0.030607, 0.896529, 0.0, 0.0, 0.0, 0.0, 1.0], [0.939231, 0.101059, 0.328074, 0.0, -0.034774, 0.978779, -0.201946, 0.0, -0.341521, 0.178265, 0.922813, 0.0, 0.0, 0.0, 0.0, 1.0], [0.73835, 0.013933, 0.674273, 0.0, 0.055886, 0.995084, -0.081759, 0.0, -0.672098, 0.098049, 0.733942, 0.0, 0.0, 0.0, 0.0, 1.0], [0.843885, 0.037973, 0.535178, 0.0, -0.00578, 0.998078, -0.061704, 0.0, -0.536493, 0.048977, 0.842482, 0.0, 0.0, 0.0, 0.0, 1.0], [0.85311, 0.037721, 0.520365, 0.0, -0.006297, 0.998055, -0.062025, 0.0, -0.521693, 0.049637, 0.851688, 0.0, 0.0, 0.0, 0.0, 1.0]]}, {"name": "Shoulder_R", "time": [0.0, 2.8],